firstName,lastName,birthdate
John,Davis,1973-10-05
Jane,Miller,1993-01-08
David,Wilson,1950-02-06
Michael,Taylor,1996-05-10
Alice,Jones,1975-09-01
John,Smith,1962-01-21
Michael,Davis,1961-12-21
Alex,Taylor,1977-07-13
Michelle,Williams,1959-08-15
Michelle,Moore,1980-07-13
Michael,Wilson,1956-04-27
Dana,Brown,1998-04-25
John,Johnson,1972-07-10
John,Wilson,1980-01-30
Alice,Johnson,1977-06-04
Michelle,Miller,1952-04-19
Chris,Brown,1981-04-13
Christina,Jones,1991-01-09
Dana,Brown,1984-02-02
Jane,Williams,1994-08-26
Michael,Davis,1966-03-12
Christina,Smith,1999-12-27
Dana,Williams,1966-08-09
Alice,Wilson,1982-07-26
Michael,Davis,1990-08-19
Jane,Williams,1990-01-16
Christina,Williams,1970-11-15
John,Smith,1989-08-06
Jane,Johnson,1982-02-27
John,Smith,1994-05-31
Alex,Brown,1979-12-28
Christina,Miller,1993-07-08
Michelle,Williams,1983-02-24
Jane,Wilson,1995-04-05
Jane,Williams,1963-04-11
David,Jones,1967-12-29
John,Brown,1956-03-01
Jane,Smith,1997-06-08
Michael,Davis,1996-03-07
Dana,Williams,1999-09-17
Alice,Davis,1980-09-20
Alex,Williams,1974-06-10
David,Jones,1985-09-27
Dana,Jones,1954-11-19
John,Jones,1976-07-10
David,Taylor,1999-06-28
Michael,Williams,1955-01-20
Michelle,Smith,1998-09-20
Dana,Smith,1990-08-08
Chris,Brown,1979-10-16
Jane,Johnson,1956-01-06
Dana,Taylor,1969-08-01
Christina,Smith,1991-03-13
David,Brown,1999-07-17
Alex,Williams,1969-08-01
Chris,Taylor,1950-08-15
John,Taylor,1962-10-06
Dana,Taylor,1990-03-29
John,Moore,1963-09-25
David,Miller,1967-03-18
Michelle,Williams,1968-01-20
John,Wilson,1996-09-23
Dana,Williams,1961-12-26
Dana,Miller,1962-08-22
Alice,Miller,1987-07-04
Michelle,Taylor,1960-04-25
Dana,Taylor,1961-09-21
Michelle,Taylor,1962-07-23
Alice,Miller,1983-02-10
Jane,Smith,1956-02-04
Chris,Wilson,1977-06-29
Chris,Moore,1970-04-22
Christina,Brown,1969-05-30
David,Davis,1976-01-13
Jane,Moore,1995-03-19
Dana,Davis,1960-08-09
Dana,Johnson,1968-12-14
Jane,Davis,1997-02-13
Jane,Davis,1974-01-04
Chris,Davis,1973-06-02
David,Taylor,1995-11-03
Chris,Brown,1985-12-02
Michael,Wilson,1957-05-02
John,Davis,1981-11-09
Dana,Taylor,1972-07-03
Dana,Brown,1983-03-06
Christina,Brown,1951-10-09
John,Miller,1966-04-28
Michael,Brown,1953-01-18
David,Williams,1950-03-25
Alice,Davis,1986-10-10
Alex,Smith,1951-06-15
Dana,Moore,1966-09-03
Michael,Brown,1982-12-15
Dana,Johnson,2000-11-13
Alice,Smith,1959-05-01
Chris,Williams,1969-11-13
Michael,Brown,1960-08-31
Alice,Davis,1996-05-02
John,Jones,1990-04-24
John,Taylor,1953-02-06
John,Jones,1965-02-28
Jane,Johnson,1981-09-28
Chris,Williams,1953-12-14
John,Brown,1975-05-20
Alice,Brown,1956-08-14
David,Johnson,1991-03-24
Alice,Brown,1969-01-21
Michael,Brown,1989-03-03
John,Smith,1951-09-27
Alex,Smith,1978-10-18
Michael,Wilson,1996-05-05
Alex,Jones,1968-11-25
Jane,Brown,1979-11-05
Michael,Davis,1972-01-29
Chris,Moore,1965-09-08
Alice,Williams,1993-01-08
Michelle,Smith,1971-09-23
Alex,Johnson,1956-05-13
Christina,Jones,1978-04-26
David,Brown,1999-08-29
Dana,Smith,1972-11-22
Michael,Jones,1962-03-09
Christina,Johnson,1977-10-03
Alice,Johnson,1957-08-06
Jane,Smith,1994-06-16
Christina,Moore,1975-02-15
Dana,Johnson,1975-12-04
John,Davis,1958-01-15
Chris,Brown,1998-10-14
Chris,Taylor,1963-01-24
Dana,Miller,1957-09-02
John,Moore,1969-12-25
Alex,Smith,1985-01-20
Michelle,Smith,1967-02-26
Michael,Wilson,1952-11-25
David,Moore,1950-04-26
Christina,Taylor,1992-11-18
Christina,Smith,1952-09-10
Jane,Jones,1951-01-22
Dana,Jones,1979-08-21
Dana,Brown,1978-09-25
John,Smith,1967-09-11
Alice,Taylor,1993-04-22
Dana,Brown,1976-01-01
Christina,Moore,1986-07-30
David,Jones,1975-11-05
Chris,Smith,1991-02-12
Chris,Williams,1998-08-15
Alice,Davis,1993-08-06
Alex,Brown,1962-06-28
Chris,Williams,1999-04-26
Christina,Wilson,1986-11-29
Michelle,Smith,1954-10-19
Michael,Taylor,1979-02-20
Dana,Taylor,1956-04-02
Michelle,Miller,1959-01-29
John,Williams,1990-02-05
David,Williams,1974-12-16
Jane,Taylor,1968-05-16
Michelle,Jones,1956-07-07
Dana,Wilson,1977-08-13
Chris,Smith,1996-10-29
Chris,Jones,1953-07-10
David,Williams,1989-07-18
Jane,Smith,1996-10-16
Dana,Taylor,1987-09-27
Dana,Johnson,1969-01-01
John,Jones,1998-06-25
Christina,Taylor,1996-09-09
Michelle,Moore,1965-12-13
Dana,Johnson,1968-10-14
Alice,Moore,1961-09-04
Michelle,Brown,1975-09-16
Chris,Miller,1997-04-07
Michael,Moore,1986-10-26
Michelle,Davis,1961-03-22
Alice,Brown,1974-11-24
Christina,Smith,1979-01-29
Alice,Miller,1999-11-09
Alice,Moore,1968-12-19
Dana,Taylor,1962-06-22
David,Williams,1969-10-29
Jane,Williams,1984-05-18
Michael,Jones,1963-09-19
Alex,Taylor,1987-12-06
Alex,Jones,1956-10-25
Alice,Jones,1950-11-02
Michelle,Davis,1991-09-17
Alex,Johnson,1986-12-08
Jane,Miller,1955-01-29
John,Moore,1950-01-30
John,Davis,1982-02-23
Dana,Davis,1994-11-27
Dana,Jones,1974-09-21
Chris,Moore,1956-02-10
Michelle,Moore,1998-11-06
Michael,Davis,1975-10-30
Michelle,Williams,1979-06-20
Michelle,Taylor,1952-02-06
John,Taylor,1967-08-25
Alice,Williams,1960-01-22
David,Miller,1979-04-29
John,Taylor,1963-06-30
David,Smith,1966-05-28
Michelle,Jones,1995-02-08
Jane,Brown,1952-07-26
David,Johnson,1981-09-29
Christina,Smith,1978-06-14
Jane,Wilson,1964-05-08
Michelle,Wilson,1990-02-12
Michelle,Wilson,1994-01-16
Michael,Johnson,1963-04-25
David,Taylor,1956-12-15
Alex,Smith,1976-12-06
Jane,Jones,1966-01-30
Michael,Davis,1978-09-14
Alex,Wilson,1951-05-12
Chris,Williams,1994-03-16
David,Moore,1964-09-06
Chris,Davis,1961-02-04
Dana,Taylor,1986-08-01
John,Moore,1953-10-01
David,Taylor,2000-12-01
Michael,Brown,1972-12-29
Christina,Johnson,1966-08-14
Christina,Jones,1953-04-24
David,Miller,1986-04-10
Michelle,Wilson,1973-01-09
Chris,Williams,1968-12-11
Alex,Brown,1967-07-02
John,Wilson,1956-05-17
Jane,Moore,1989-09-28
Alice,Brown,1962-12-09
John,Davis,1993-02-01
John,Taylor,1968-10-02
Michael,Smith,1973-03-03
Alex,Williams,1994-03-01
Christina,Wilson,1976-09-25
Michael,Davis,1988-04-13
Alice,Wilson,1995-07-15
Alex,Williams,1999-09-19
Christina,Davis,1981-05-29
Alex,Williams,1981-11-13
Dana,Jones,1959-02-24
David,Taylor,1962-08-14
Dana,Johnson,1970-01-10
Dana,Williams,1963-06-02
Michelle,Smith,1986-11-17
Alex,Brown,1989-08-07
John,Smith,1972-03-27
Michael,Davis,2000-10-04
Jane,Williams,1952-06-30
Jane,Johnson,1986-02-22
Michelle,Wilson,1999-04-14
Michelle,Taylor,1964-10-02
John,Davis,1964-03-15
David,Jones,1998-09-16
Dana,Brown,2000-06-02
Dana,Brown,1990-11-10
John,Williams,1993-04-12
Jane,Johnson,1957-11-27
Alice,Brown,1983-07-30
Jane,Williams,1982-10-31
Christina,Miller,1953-08-07
Christina,Jones,1950-03-08
Michael,Davis,1965-12-30
David,Davis,1960-12-21
David,Johnson,1979-02-08
David,Brown,1959-12-22
Dana,Davis,1956-05-26
Alice,Smith,1964-06-19
Christina,Williams,1994-03-30
Alex,Taylor,1979-12-25
Alex,Taylor,1979-03-01
Alex,Wilson,1994-06-27
Michelle,Smith,1976-01-01
Michael,Taylor,1969-05-31
Dana,Davis,1985-08-09
Christina,Jones,1991-04-17
Michelle,Johnson,1975-02-25
Dana,Johnson,1952-06-13
Dana,Miller,1988-10-07
Michael,Wilson,1984-09-16
Michael,Williams,1958-06-15
Alice,Miller,1955-08-21
Michael,Davis,1961-04-09
Chris,Williams,1986-01-15
Chris,Miller,1972-11-30
Alex,Miller,1975-02-13
John,Davis,1969-11-30
Dana,Johnson,1977-02-24
Alice,Taylor,1977-10-17
Alice,Williams,1998-07-23
Alex,Smith,1971-07-13
Dana,Wilson,1991-10-24
Christina,Wilson,1956-05-30
John,Jones,1959-05-30
Michelle,Smith,1957-12-16
Chris,Miller,1999-01-01
Michael,Johnson,1966-06-17
Chris,Miller,1979-10-18
Jane,Brown,1979-03-06
Dana,Williams,1962-04-01
Christina,Smith,2000-12-19
Michelle,Williams,1950-02-24
Michael,Wilson,1950-10-18
David,Williams,1976-01-31
Michael,Jones,1971-06-21
Dana,Moore,1962-04-13
Michelle,Williams,1966-07-29
Michelle,Brown,1951-12-02
Alex,Williams,1976-03-24
Alice,Miller,1957-01-19
Dana,Miller,1967-04-29
John,Moore,1986-05-27
Michelle,Brown,1963-06-04
David,Miller,1971-09-07
Christina,Miller,1963-11-15
Christina,Miller,1994-03-31
Michael,Williams,1952-06-04
Christina,Moore,1979-09-05
Michael,Brown,1954-05-24
John,Taylor,1960-03-01
Michael,Jones,1994-02-05
Alex,Jones,1951-08-29
David,Miller,1990-07-19
Dana,Jones,1969-06-21
Alex,Taylor,1952-11-06
Alice,Brown,1981-12-11
Jane,Moore,1953-11-03
David,Brown,1987-03-14
Dana,Moore,1955-05-08
John,Jones,1972-02-21
David,Wilson,1981-04-21
David,Williams,1955-12-18
John,Jones,1963-02-19
Chris,Taylor,1983-02-19
Dana,Williams,1973-06-28
Chris,Moore,1979-01-07
Jane,Brown,1952-06-26
John,Johnson,1995-06-01
David,Wilson,1970-11-06
Alex,Miller,1966-01-11
Alice,Brown,1986-04-10
Christina,Moore,1985-06-08
Alice,Wilson,1965-07-05
Alice,Brown,1989-11-04
John,Jones,1953-06-16
Michael,Brown,1960-02-15
Jane,Jones,1986-12-14
Christina,Davis,1995-06-18
David,Wilson,1965-12-22
Alex,Wilson,1976-07-14
Dana,Miller,1994-03-23
Chris,Taylor,1996-02-07
Chris,Taylor,1963-08-27
Alice,Brown,1957-08-25
Dana,Davis,1996-05-10
Christina,Miller,1997-10-20
Alice,Davis,1981-02-10
Jane,Miller,1990-12-10
David,Wilson,1956-01-28
Jane,Smith,1981-12-23
David,Johnson,1991-06-08
Alice,Brown,1959-12-07
John,Davis,1958-08-10
Dana,Williams,1967-03-30
Chris,Johnson,1999-12-16
David,Williams,1957-03-15
David,Miller,1985-02-06
Christina,Jones,1952-01-07
Jane,Williams,1989-03-07
David,Miller,1962-07-14
Dana,Davis,1958-01-25
Michael,Taylor,1998-07-03
Michael,Miller,1962-07-15
John,Taylor,1972-10-22
David,Moore,1971-09-30
Alice,Johnson,1962-03-01
David,Moore,1982-01-04
Jane,Wilson,1965-05-23
Chris,Miller,1975-06-02
Dana,Taylor,1952-06-16
Dana,Wilson,1976-07-20
Michael,Jones,1960-01-11
John,Miller,1986-08-22
Michael,Wilson,1999-09-16
Alice,Jones,1956-08-21
Jane,Brown,1988-11-20
Christina,Wilson,2000-11-20
Christina,Jones,1950-11-29
Chris,Jones,1960-06-14
John,Taylor,1989-09-24
Alice,Smith,1965-07-16
Chris,Williams,1986-10-24
Christina,Taylor,1950-12-15
Chris,Moore,1980-12-14
Michael,Moore,1979-02-07
Christina,Brown,1979-04-03
Michelle,Davis,1981-08-28
Chris,Johnson,1978-06-18
Michael,Moore,1983-08-11
Michelle,Wilson,1957-05-31
Michelle,Wilson,1996-04-10
Chris,Wilson,1984-01-06
Michael,Miller,1954-02-28
John,Miller,1974-05-27
Christina,Smith,1989-05-09
Christina,Williams,1974-11-09
David,Smith,1957-10-19
David,Wilson,2000-08-09
Michael,Miller,1979-11-26
Jane,Wilson,1960-09-29
Alice,Williams,1991-01-27
Dana,Taylor,1964-06-18
Chris,Miller,2000-01-07
Chris,Moore,1955-01-07
Christina,Smith,1954-12-09
Jane,Johnson,1962-07-06
Christina,Moore,1994-05-06
John,Wilson,1997-11-28
Michael,Williams,1980-12-24
Jane,Williams,1966-02-07
Michelle,Miller,1997-12-01
Chris,Johnson,1977-11-14
Alice,Davis,1989-03-27
Chris,Williams,1956-01-09
Michael,Davis,1950-07-29
Chris,Taylor,1954-03-14
Alice,Moore,1999-02-16
Michelle,Davis,1996-09-17
Alice,Jones,1978-07-03
Christina,Moore,2000-12-03
Michael,Taylor,1952-07-05
John,Johnson,1971-05-02
David,Wilson,1989-06-11
David,Miller,1960-08-08
Dana,Brown,1988-06-19
Michael,Williams,1994-09-13
Chris,Smith,1959-01-30
Dana,Brown,1964-04-17
Alex,Davis,2000-04-22
Christina,Wilson,1968-09-04
Christina,Taylor,1992-07-16
Christina,Miller,1975-11-09
David,Brown,1996-01-13
Michelle,Brown,1996-10-22
Michelle,Smith,1968-08-23
Michael,Smith,1965-03-13
Christina,Taylor,1979-05-06
David,Jones,1970-05-09
John,Jones,1955-11-08
Dana,Miller,1957-02-25
Chris,Brown,1990-11-01
Alice,Taylor,1964-12-24
Christina,Brown,1996-12-01
Chris,Johnson,1998-08-22
John,Jones,1972-03-29
David,Johnson,1969-10-17
Jane,Jones,1982-05-03
John,Davis,1970-01-29
Michelle,Williams,1967-06-29
Michelle,Miller,1977-08-20
Michael,Wilson,1974-02-03
Alex,Taylor,1966-10-12
Chris,Johnson,1991-08-05
Dana,Smith,1996-11-05
Alice,Miller,1987-12-09
Michael,Davis,1950-09-04
Christina,Brown,1961-04-13
Michelle,Moore,1971-03-20
Chris,Wilson,1951-08-26
Dana,Jones,1983-07-06
Chris,Jones,1956-07-04
John,Davis,1980-10-25
Dana,Wilson,1988-12-12
Dana,Davis,1966-07-11
Christina,Wilson,1985-01-29
Chris,Brown,1988-06-15
John,Taylor,1966-05-11
Michelle,Smith,1985-10-19
Christina,Wilson,1987-11-17
Jane,Johnson,1955-10-01
John,Davis,1950-01-17
Alice,Davis,1951-01-19
Chris,Smith,1971-07-09
David,Miller,1959-08-09
Alex,Miller,1998-02-05
Alice,Moore,1985-02-05
Jane,Smith,1968-02-04
John,Brown,1992-09-29
John,Brown,1969-07-06
Michelle,Jones,1995-05-09
Alex,Johnson,1983-10-13
Michael,Davis,1983-11-26
John,Wilson,1992-01-31
John,Wilson,1963-06-13
Alex,Brown,1963-04-16
David,Miller,1994-02-05
Michael,Williams,1998-09-24
David,Smith,1989-10-13
Michael,Williams,1988-06-17
David,Smith,1957-04-27
Christina,Jones,1985-08-11
Chris,Miller,1952-01-31
Michelle,Smith,1957-05-01
Chris,Williams,1960-08-22
Michael,Miller,1965-05-02
Dana,Johnson,1997-03-15
Alice,Smith,1981-12-04
David,Jones,1977-04-08
Chris,Brown,1955-03-16
Michelle,Johnson,1981-10-26
Alex,Wilson,1961-08-27
Alex,Miller,1989-11-17
Jane,Smith,1958-02-08
Alice,Taylor,1986-07-01
Michelle,Smith,1957-05-15
Michelle,Davis,1958-12-08
Jane,Williams,1955-07-21
John,Wilson,1983-06-27
Jane,Davis,1976-06-30
Chris,Johnson,1963-03-17
Christina,Williams,1991-06-14
Jane,Williams,1977-09-06
Alice,Davis,1962-05-13
David,Davis,1953-10-07
Jane,Brown,1977-11-14
David,Wilson,1973-08-23
Michael,Taylor,1979-11-15
Michael,Wilson,1990-12-07
David,Moore,1950-03-28
Jane,Johnson,1968-07-12
Michelle,Davis,1990-10-13
John,Johnson,1972-12-01
David,Johnson,1972-02-05
Michael,Wilson,1991-06-26
Alex,Davis,1971-06-06
Dana,Taylor,1998-08-03
David,Smith,1970-05-13
David,Miller,1999-02-18
Dana,Wilson,1961-07-02
Michelle,Smith,1964-09-19
David,Smith,1951-12-23
Christina,Williams,1957-03-22
Chris,Davis,1973-10-02
Dana,Williams,1969-06-22
Jane,Davis,1988-11-06
Dana,Davis,1996-03-04
David,Taylor,1990-01-22
Alex,Brown,1968-02-24
Alice,Miller,1993-06-16
Alex,Miller,1959-03-04
Chris,Williams,1971-09-24
Alex,Smith,1966-12-19
Alice,Williams,1966-03-01
Chris,Smith,1963-10-11
Jane,Smith,1966-01-26
Christina,Brown,1967-01-17
Michelle,Moore,1987-11-28
David,Smith,1966-01-19
Michael,Davis,1965-11-16
Alice,Jones,1966-10-18
Alex,Moore,1968-10-25
Chris,Brown,1961-07-04
Alice,Wilson,1969-04-07
John,Taylor,1996-08-08
Michael,Moore,1989-07-24
Jane,Williams,1962-04-21
Chris,Miller,1956-09-11
Michael,Williams,1978-01-19
Alex,Jones,1991-05-13
David,Williams,1977-08-21
Michael,Wilson,1974-05-24
Jane,Smith,1967-03-19
Chris,Brown,1960-06-10
Michael,Jones,1995-06-05
David,Wilson,1950-02-26
Jane,Brown,1987-09-01
Jane,Taylor,1950-07-29
David,Wilson,1998-06-04
Dana,Taylor,1991-11-23
Alice,Johnson,1964-10-29
Christina,Johnson,1988-06-25
Chris,Brown,1961-07-05
Michelle,Jones,1973-09-29
John,Johnson,1999-06-11
Alex,Smith,1962-11-08
Alex,Miller,1954-08-08
David,Taylor,1983-01-21
Alice,Moore,1964-02-10
Alice,Taylor,1959-08-26
David,Smith,1977-02-15
Michelle,Taylor,1956-10-27
Jane,Smith,1983-07-27
Jane,Jones,1979-07-18
Dana,Jones,1967-09-10
Michelle,Brown,1986-10-10
Michael,Wilson,1960-11-21
Alex,Miller,1971-01-27
Alex,Wilson,1964-07-13
Chris,Smith,1999-09-08
Jane,Smith,1955-09-13
Chris,Johnson,1987-11-04
David,Brown,1951-04-18
John,Johnson,1968-09-07
Alice,Taylor,1968-06-24
Chris,Brown,1965-01-01
Michelle,Davis,1959-12-19
Alice,Smith,1962-11-26
Alice,Brown,1978-10-08
Michelle,Williams,1968-03-25
Chris,Moore,1963-01-09
Chris,Johnson,1976-06-05
Chris,Brown,1973-08-20
John,Wilson,1967-09-15
Chris,Williams,1991-06-18
Michelle,Davis,1993-02-20
Michael,Jones,1999-04-25
John,Williams,1996-08-12
Christina,Brown,1973-12-15
Chris,Miller,1992-08-21
Michael,Jones,1977-12-05
Alice,Smith,1967-11-13
Michelle,Moore,1963-08-31
John,Johnson,1991-01-09
Christina,Wilson,1969-02-23
David,Moore,1978-07-07
Chris,Wilson,1993-02-11
David,Williams,1965-03-10
Dana,Smith,1981-07-14
Jane,Brown,1957-04-02
John,Johnson,1969-03-14
David,Brown,1978-11-04
David,Smith,1954-07-09
Michelle,Williams,1963-09-30
David,Williams,1968-11-06
Alice,Davis,1963-12-11
Christina,Taylor,1997-03-19
Michelle,Smith,1951-04-28
John,Brown,1991-03-31
David,Johnson,1964-11-26
Chris,Taylor,1965-06-19
Christina,Smith,1953-12-04
Jane,Smith,1983-03-05
John,Miller,1956-06-11
Chris,Taylor,1959-03-15
David,Miller,1994-07-05
Michael,Miller,1973-12-18
Chris,Taylor,1955-12-03
Dana,Moore,1997-09-08
John,Wilson,1997-09-09
John,Miller,1955-11-19
Dana,Miller,1970-07-02
Dana,Smith,1954-03-20
John,Williams,1992-06-19
Chris,Miller,1984-06-18
Alex,Johnson,1956-06-14
Michelle,Davis,1977-04-02
Michelle,Jones,1998-03-31
Alex,Moore,1998-02-14
Jane,Davis,1958-12-16
Dana,Brown,1994-11-19
John,Taylor,1952-06-18
Michael,Smith,1997-02-06
Alice,Smith,1989-08-18
Michelle,Davis,1986-04-08
David,Williams,1970-10-25
Michelle,Wilson,1982-02-09
Christina,Moore,1990-10-28
Alex,Williams,1968-02-04
Dana,Brown,1963-02-28
Alex,Miller,1999-11-12
Alex,Williams,1971-09-06
Dana,Brown,1954-02-27
Michelle,Johnson,1985-01-17
Dana,Johnson,1954-05-24
Alex,Smith,1962-03-23
Michael,Smith,1959-08-13
Michelle,Davis,2000-06-04
Chris,Brown,1978-07-25
David,Brown,1997-09-16
Alice,Johnson,1991-07-18
Michelle,Miller,1977-12-03
Alex,Brown,1978-10-19
Dana,Smith,1963-09-13
Alex,Taylor,1979-09-03
Chris,Williams,1972-05-01
Dana,Davis,1986-04-20
Alex,Williams,1975-07-09
Chris,Smith,1954-10-29
David,Johnson,1978-08-29
Michael,Williams,1964-04-23
David,Taylor,1953-06-07
Dana,Taylor,1988-09-25
Jane,Smith,1964-09-05
Michelle,Taylor,1991-05-12
John,Jones,1954-11-12
Michelle,Davis,1993-03-23
Chris,Miller,1958-02-21
Dana,Jones,1988-03-28
Christina,Miller,1980-01-01
Dana,Moore,1983-11-12
Christina,Miller,1994-01-19
John,Taylor,1956-08-12
Alex,Wilson,1962-06-17
Michelle,Wilson,1996-07-13
Alex,Davis,1952-01-07
David,Brown,1985-12-26
Michael,Williams,1984-09-14
Alice,Jones,1960-03-06
Alex,Jones,1996-04-05
John,Williams,1986-09-08
Alex,Wilson,1955-09-17
Chris,Johnson,1992-05-01
Alice,Davis,1978-12-01
Alice,Taylor,1959-12-16
David,Brown,1985-11-27
Alice,Brown,1954-02-24
Christina,Moore,1980-07-05
Dana,Brown,1976-11-07
Dana,Williams,1993-12-13
Alice,Wilson,1982-12-03
Christina,Johnson,1971-08-04
John,Taylor,1951-08-29
John,Jones,1982-03-28
David,Wilson,1984-05-31
Alex,Moore,1977-12-11
Michelle,Davis,1984-05-19
Alice,Wilson,1978-04-21
Alex,Taylor,1966-08-09
David,Davis,1991-04-05
Jane,Moore,1950-10-14
Dana,Johnson,1972-05-12
David,Taylor,1994-09-04
Jane,Williams,1970-09-16
Alice,Miller,1954-01-18
Dana,Davis,1988-07-16
Christina,Smith,1988-09-23
Jane,Jones,1967-07-17
Michelle,Moore,1980-11-14
Jane,Jones,1964-06-14
John,Smith,1956-11-18
Jane,Smith,1980-01-23
Alice,Williams,1956-03-24
Christina,Johnson,1950-01-27
Dana,Jones,1961-08-19
Jane,Moore,1958-07-15
Alice,Moore,1965-07-15
David,Jones,1997-09-06
Dana,Davis,1955-09-03
Michael,Taylor,1952-12-23
Michelle,Jones,1988-07-10
Alex,Miller,1972-02-14
Chris,Davis,1955-02-13
Michael,Moore,1950-11-27
Chris,Brown,1970-12-29
Dana,Brown,1967-02-07
John,Davis,1974-01-11
Michelle,Jones,1990-04-13
Michelle,Williams,1971-10-09
David,Brown,1993-11-12
Jane,Moore,1969-12-30
David,Wilson,1997-11-14
Alice,Johnson,1951-11-04
Michael,Johnson,1981-12-08
Alice,Taylor,1952-07-21
John,Brown,1980-11-23
Michelle,Wilson,1965-03-24
Chris,Taylor,1977-11-22
John,Davis,1966-12-08
Chris,Miller,1973-03-26
David,Wilson,1966-08-01
Alice,Taylor,1953-03-09
Dana,Johnson,1964-10-18
Alice,Smith,1974-04-12
Michelle,Davis,1966-07-06
John,Taylor,1977-08-03
Dana,Jones,1995-08-20
Jane,Miller,1963-04-16
Christina,Moore,1955-01-22
Alex,Brown,1987-03-10
John,Davis,1966-05-14
Michelle,Miller,1971-08-20
Jane,Brown,1968-05-12
Michael,Johnson,1962-06-11
Dana,Williams,1958-03-18
Christina,Wilson,1971-04-04
Michelle,Johnson,1981-02-08
Dana,Davis,1954-07-13
Dana,Jones,1959-07-14
Dana,Smith,1950-03-29
Michael,Williams,1973-08-17
John,Johnson,1955-03-22
David,Miller,1997-04-30
Chris,Brown,1956-07-28
David,Davis,1974-05-14
Michael,Smith,1985-02-16
Alice,Williams,1950-01-06
Jane,Wilson,1957-04-16
Dana,Moore,1965-04-23
David,Johnson,2000-07-18
Dana,Davis,1971-12-26
Michelle,Smith,1976-08-15
Alex,Miller,1968-04-04
Dana,Wilson,1953-10-10
Jane,Brown,1986-03-29
Chris,Smith,2000-09-18
Michelle,Moore,1976-08-17
Christina,Johnson,1953-12-26
Alice,Davis,1977-04-04
Alice,Wilson,1953-09-09
Alice,Williams,1984-06-01
David,Wilson,1972-04-29
Christina,Williams,1952-02-25
Alice,Johnson,1965-03-14
Michelle,Johnson,1950-01-16
Alex,Johnson,1957-05-03
Chris,Johnson,1965-07-29
David,Smith,1994-12-25
John,Brown,1952-09-02
Michelle,Jones,1956-06-26
Alex,Jones,1970-10-29
Michael,Brown,1969-08-01
Chris,Wilson,1981-03-20
Alex,Smith,1951-12-10
John,Smith,1957-12-16
David,Smith,1973-08-01
Jane,Johnson,1990-03-24
Michelle,Taylor,1962-11-17
John,Jones,1955-11-27
Jane,Johnson,1979-08-28
Chris,Davis,1968-09-12
John,Wilson,1980-04-03
Michelle,Brown,1952-10-16
Dana,Williams,1973-04-18
John,Williams,1951-04-03
Alex,Taylor,1970-03-18
David,Smith,1988-07-28
Alex,Johnson,1951-04-23
John,Davis,1998-07-20
John,Johnson,1961-08-04
Chris,Wilson,1980-12-09
Michael,Moore,1961-10-31
Christina,Johnson,1996-04-10
David,Smith,1982-08-25
Jane,Taylor,1983-03-29
Dana,Wilson,1969-03-07
Alice,Smith,1956-01-07
Michael,Johnson,1978-05-17
Dana,Davis,1957-09-20
Alice,Brown,1955-12-16
Chris,Miller,1983-02-01
John,Taylor,1995-06-14
Alice,Wilson,1951-10-31
David,Davis,1958-05-30
Michelle,Wilson,1992-03-01
John,Jones,1994-05-06
Chris,Jones,1954-06-22
Jane,Brown,1985-07-24
Jane,Johnson,1999-05-23
Chris,Smith,1955-04-01
Michelle,Moore,1973-01-06
Alex,Miller,1972-08-06
Michelle,Moore,1992-11-13
Dana,Davis,1968-01-30
Michael,Williams,1964-11-20
Christina,Brown,1958-12-09
David,Brown,1961-01-22
John,Taylor,1988-08-27
Alex,Miller,1966-01-11
Michelle,Taylor,1966-12-26
Alice,Davis,1981-12-16
John,Miller,1981-12-31
Alex,Miller,1975-08-24
Alex,Johnson,1964-02-02
Dana,Miller,1986-06-26
Alex,Brown,1990-05-16
John,Smith,1956-07-18
Michael,Miller,1999-01-03
Alex,Wilson,1978-11-16
Chris,Miller,1988-05-07
David,Taylor,1988-05-26
Dana,Moore,1953-09-05
Michael,Johnson,1965-05-13
Alex,Wilson,1979-10-05
Dana,Williams,1972-03-24
John,Brown,1978-02-10
Michael,Jones,1952-01-03
Chris,Wilson,1996-04-13
Jane,Brown,1971-12-25
Alice,Wilson,1958-11-04
Alice,Taylor,1951-09-04
Dana,Taylor,1990-04-28
Michael,Williams,1955-02-01
Michelle,Williams,1997-06-20
David,Williams,1972-06-17
Christina,Davis,1983-01-13
Dana,Smith,1985-10-19
Michael,Miller,1987-10-10
Christina,Taylor,1969-08-23
Chris,Taylor,1966-09-25
David,Davis,1961-02-09
Christina,Williams,1980-11-13
Michelle,Brown,1989-03-05
David,Davis,1991-02-02
David,Jones,1977-06-01
Dana,Brown,1986-01-11
Michael,Moore,1963-12-04
John,Moore,1984-01-10
Alex,Johnson,1989-10-31
Alice,Taylor,1957-01-06
Christina,Wilson,1979-09-19
David,Davis,1969-08-30
Chris,Johnson,1998-12-10
Dana,Moore,1954-08-30
Michael,Moore,1993-05-10
Alice,Jones,1954-08-01
John,Smith,1962-11-23
Christina,Wilson,1978-08-19
Dana,Moore,1983-10-13
Alex,Davis,1979-04-03
Alex,Brown,1951-04-22
Jane,Wilson,1973-09-04
Dana,Williams,1974-02-09
Christina,Brown,1986-09-09
Chris,Davis,1997-04-29
Alice,Moore,1962-10-01
Christina,Johnson,1964-08-08
Michelle,Miller,1963-02-20
John,Moore,1950-09-12
John,Taylor,1958-12-27
Alice,Williams,1987-05-11
Jane,Miller,1965-11-09
Michelle,Moore,1996-08-05
John,Taylor,1965-01-15
Christina,Moore,1967-10-06
Alice,Williams,1970-09-28
David,Wilson,1985-10-11
Michael,Davis,1981-07-13
Dana,Miller,1957-07-22
Alex,Smith,1984-07-13
John,Johnson,1968-04-23
David,Jones,1998-11-26
Michelle,Smith,1970-11-27
Chris,Miller,1989-09-12
Christina,Moore,1966-07-18
Chris,Wilson,1990-08-15
Alice,Taylor,1988-08-13
Michael,Brown,1967-08-08
John,Johnson,1951-07-14
David,Smith,1958-05-04
Michael,Wilson,1960-10-06
Alex,Davis,1951-04-02
Michael,Smith,1964-06-07
Dana,Smith,1986-10-01
Chris,Smith,1999-07-28
John,Davis,1999-10-24
Jane,Miller,1984-07-07
John,Jones,1960-07-24
John,Jones,1975-03-23
David,Miller,1988-05-03
Alice,Jones,1973-03-11
Chris,Davis,1989-02-28
Chris,Moore,1992-08-19
Dana,Jones,1968-01-27
Jane,Miller,1996-08-28
John,Miller,1977-11-02
David,Smith,1965-04-04
Jane,Williams,1960-08-18
David,Johnson,1981-08-26
Dana,Taylor,1964-04-24
Chris,Johnson,1992-01-06
Chris,Jones,1997-03-06
David,Taylor,1956-12-05
David,Williams,1965-08-13
Dana,Wilson,1985-06-10
Alice,Williams,1955-11-13
Christina,Johnson,1967-11-26
Michael,Johnson,1956-10-15
John,Jones,1984-12-30
David,Smith,1967-11-15
Alex,Taylor,1966-04-01
John,Brown,1952-03-08
Dana,Williams,1982-03-15
Jane,Miller,1957-10-09
Michelle,Moore,1964-03-20
Michael,Moore,1988-06-19
Chris,Williams,1994-07-17
Michael,Wilson,1998-10-22
Alice,Davis,1954-11-19
John,Smith,1979-09-21
Christina,Moore,1969-09-15
Alex,Williams,1953-11-11
Dana,Moore,1957-09-13
Christina,Davis,1956-06-12
Christina,Wilson,1997-09-01
Michelle,Taylor,1961-06-09
Alice,Smith,1968-03-22
